Statistic,Value,P_Value
Shapiro-Wilk W,0.9364746942916444,6.269062607556169e-5
